sample,fastq_1,fastq_2,strandedness
SRR10255671,s3://abbvie-strand-psych-internal-us-east-1/dropoff/Neuropsyc/data/fullData/SRP225011/SRR10255671_1.fastq.gz,s3://abbvie-strand-psych-internal-us-east-1/dropoff/Neuropsyc/data/fullData/SRP225011/SRR10255671_2.fastq.gz,auto
SRR10255677,s3://abbvie-strand-psych-internal-us-east-1/dropoff/Neuropsyc/data/fullData/SRP225011/SRR10255677_1.fastq.gz,s3://abbvie-strand-psych-internal-us-east-1/dropoff/Neuropsyc/data/fullData/SRP225011/SRR10255677_2.fastq.gz,auto
SRR10255664,s3://abbvie-strand-psych-internal-us-east-1/dropoff/Neuropsyc/data/fullData/SRP225011/SRR10255664_1.fastq.gz,s3://abbvie-strand-psych-internal-us-east-1/dropoff/Neuropsyc/data/fullData/SRP225011/SRR10255664_2.fastq.gz,auto
SRR10255665,s3://abbvie-strand-psych-internal-us-east-1/dropoff/Neuropsyc/data/fullData/SRP225011/SRR10255665_1.fastq.gz,s3://abbvie-strand-psych-internal-us-east-1/dropoff/Neuropsyc/data/fullData/SRP225011/SRR10255665_2.fastq.gz,auto
SRR10255670,s3://abbvie-strand-psych-internal-us-east-1/dropoff/Neuropsyc/data/fullData/SRP225011/SRR10255670_1.fastq.gz,s3://abbvie-strand-psych-internal-us-east-1/dropoff/Neuropsyc/data/fullData/SRP225011/SRR10255670_2.fastq.gz,auto
SRR10255683,s3://abbvie-strand-psych-internal-us-east-1/dropoff/Neuropsyc/data/fullData/SRP225011/SRR10255683_1.fastq.gz,s3://abbvie-strand-psych-internal-us-east-1/dropoff/Neuropsyc/data/fullData/SRP225011/SRR10255683_2.fastq.gz,auto
SRR10255689,s3://abbvie-strand-psych-internal-us-east-1/dropoff/Neuropsyc/data/fullData/SRP225011/SRR10255689_1.fastq.gz,s3://abbvie-strand-psych-internal-us-east-1/dropoff/Neuropsyc/data/fullData/SRP225011/SRR10255689_2.fastq.gz,auto
SRR10255669,s3://abbvie-strand-psych-internal-us-east-1/dropoff/Neuropsyc/data/fullData/SRP225011/SRR10255669_1.fastq.gz,s3://abbvie-strand-psych-internal-us-east-1/dropoff/Neuropsyc/data/fullData/SRP225011/SRR10255669_2.fastq.gz,auto
SRR10255685,s3://abbvie-strand-psych-internal-us-east-1/dropoff/Neuropsyc/data/fullData/SRP225011/SRR10255685_1.fastq.gz,s3://abbvie-strand-psych-internal-us-east-1/dropoff/Neuropsyc/data/fullData/SRP225011/SRR10255685_2.fastq.gz,auto
SRR10255655,s3://abbvie-strand-psych-internal-us-east-1/dropoff/Neuropsyc/data/fullData/SRP225011/SRR10255655_1.fastq.gz,s3://abbvie-strand-psych-internal-us-east-1/dropoff/Neuropsyc/data/fullData/SRP225011/SRR10255655_2.fastq.gz,auto
SRR10255679,s3://abbvie-strand-psych-internal-us-east-1/dropoff/Neuropsyc/data/fullData/SRP225011/SRR10255679_1.fastq.gz,s3://abbvie-strand-psych-internal-us-east-1/dropoff/Neuropsyc/data/fullData/SRP225011/SRR10255679_2.fastq.gz,auto
SRR10255676,s3://abbvie-strand-psych-internal-us-east-1/dropoff/Neuropsyc/data/fullData/SRP225011/SRR10255676_1.fastq.gz,s3://abbvie-strand-psych-internal-us-east-1/dropoff/Neuropsyc/data/fullData/SRP225011/SRR10255676_2.fastq.gz,auto
SRR10255675,s3://abbvie-strand-psych-internal-us-east-1/dropoff/Neuropsyc/data/fullData/SRP225011/SRR10255675_1.fastq.gz,s3://abbvie-strand-psych-internal-us-east-1/dropoff/Neuropsyc/data/fullData/SRP225011/SRR10255675_2.fastq.gz,auto
SRR10255666,s3://abbvie-strand-psych-internal-us-east-1/dropoff/Neuropsyc/data/fullData/SRP225011/SRR10255666_1.fastq.gz,s3://abbvie-strand-psych-internal-us-east-1/dropoff/Neuropsyc/data/fullData/SRP225011/SRR10255666_2.fastq.gz,auto
SRR10255659,s3://abbvie-strand-psych-internal-us-east-1/dropoff/Neuropsyc/data/fullData/SRP225011/SRR10255659_1.fastq.gz,s3://abbvie-strand-psych-internal-us-east-1/dropoff/Neuropsyc/data/fullData/SRP225011/SRR10255659_2.fastq.gz,auto
SRR10255656,s3://abbvie-strand-psych-internal-us-east-1/dropoff/Neuropsyc/data/fullData/SRP225011/SRR10255656_1.fastq.gz,s3://abbvie-strand-psych-internal-us-east-1/dropoff/Neuropsyc/data/fullData/SRP225011/SRR10255656_2.fastq.gz,auto
SRR10255654,s3://abbvie-strand-psych-internal-us-east-1/dropoff/Neuropsyc/data/fullData/SRP225011/SRR10255654_1.fastq.gz,s3://abbvie-strand-psych-internal-us-east-1/dropoff/Neuropsyc/data/fullData/SRP225011/SRR10255654_2.fastq.gz,auto
SRR10255680,s3://abbvie-strand-psych-internal-us-east-1/dropoff/Neuropsyc/data/fullData/SRP225011/SRR10255680_1.fastq.gz,s3://abbvie-strand-psych-internal-us-east-1/dropoff/Neuropsyc/data/fullData/SRP225011/SRR10255680_2.fastq.gz,auto
SRR10255668,s3://abbvie-strand-psych-internal-us-east-1/dropoff/Neuropsyc/data/fullData/SRP225011/SRR10255668_1.fastq.gz,s3://abbvie-strand-psych-internal-us-east-1/dropoff/Neuropsyc/data/fullData/SRP225011/SRR10255668_2.fastq.gz,auto
SRR10255673,s3://abbvie-strand-psych-internal-us-east-1/dropoff/Neuropsyc/data/fullData/SRP225011/SRR10255673_1.fastq.gz,s3://abbvie-strand-psych-internal-us-east-1/dropoff/Neuropsyc/data/fullData/SRP225011/SRR10255673_2.fastq.gz,auto
SRR10255662,s3://abbvie-strand-psych-internal-us-east-1/dropoff/Neuropsyc/data/fullData/SRP225011/SRR10255662_1.fastq.gz,s3://abbvie-strand-psych-internal-us-east-1/dropoff/Neuropsyc/data/fullData/SRP225011/SRR10255662_2.fastq.gz,auto
SRR10255663,s3://abbvie-strand-psych-internal-us-east-1/dropoff/Neuropsyc/data/fullData/SRP225011/SRR10255663_1.fastq.gz,s3://abbvie-strand-psych-internal-us-east-1/dropoff/Neuropsyc/data/fullData/SRP225011/SRR10255663_2.fastq.gz,auto
SRR10255678,s3://abbvie-strand-psych-internal-us-east-1/dropoff/Neuropsyc/data/fullData/SRP225011/SRR10255678_1.fastq.gz,s3://abbvie-strand-psych-internal-us-east-1/dropoff/Neuropsyc/data/fullData/SRP225011/SRR10255678_2.fastq.gz,auto
SRR10255687,s3://abbvie-strand-psych-internal-us-east-1/dropoff/Neuropsyc/data/fullData/SRP225011/SRR10255687_1.fastq.gz,s3://abbvie-strand-psych-internal-us-east-1/dropoff/Neuropsyc/data/fullData/SRP225011/SRR10255687_2.fastq.gz,auto
SRR10255653,s3://abbvie-strand-psych-internal-us-east-1/dropoff/Neuropsyc/data/fullData/SRP225011/SRR10255653_1.fastq.gz,s3://abbvie-strand-psych-internal-us-east-1/dropoff/Neuropsyc/data/fullData/SRP225011/SRR10255653_2.fastq.gz,auto
SRR10255657,s3://abbvie-strand-psych-internal-us-east-1/dropoff/Neuropsyc/data/fullData/SRP225011/SRR10255657_1.fastq.gz,s3://abbvie-strand-psych-internal-us-east-1/dropoff/Neuropsyc/data/fullData/SRP225011/SRR10255657_2.fastq.gz,auto
SRR10255667,s3://abbvie-strand-psych-internal-us-east-1/dropoff/Neuropsyc/data/fullData/SRP225011/SRR10255667_1.fastq.gz,s3://abbvie-strand-psych-internal-us-east-1/dropoff/Neuropsyc/data/fullData/SRP225011/SRR10255667_2.fastq.gz,auto
SRR10255688,s3://abbvie-strand-psych-internal-us-east-1/dropoff/Neuropsyc/data/fullData/SRP225011/SRR10255688_1.fastq.gz,s3://abbvie-strand-psych-internal-us-east-1/dropoff/Neuropsyc/data/fullData/SRP225011/SRR10255688_2.fastq.gz,auto
SRR10255674,s3://abbvie-strand-psych-internal-us-east-1/dropoff/Neuropsyc/data/fullData/SRP225011/SRR10255674_1.fastq.gz,s3://abbvie-strand-psych-internal-us-east-1/dropoff/Neuropsyc/data/fullData/SRP225011/SRR10255674_2.fastq.gz,auto
SRR10255686,s3://abbvie-strand-psych-internal-us-east-1/dropoff/Neuropsyc/data/fullData/SRP225011/SRR10255686_1.fastq.gz,s3://abbvie-strand-psych-internal-us-east-1/dropoff/Neuropsyc/data/fullData/SRP225011/SRR10255686_2.fastq.gz,auto
SRR10255682,s3://abbvie-strand-psych-internal-us-east-1/dropoff/Neuropsyc/data/fullData/SRP225011/SRR10255682_1.fastq.gz,s3://abbvie-strand-psych-internal-us-east-1/dropoff/Neuropsyc/data/fullData/SRP225011/SRR10255682_2.fastq.gz,auto
SRR10255658,s3://abbvie-strand-psych-internal-us-east-1/dropoff/Neuropsyc/data/fullData/SRP225011/SRR10255658_1.fastq.gz,s3://abbvie-strand-psych-internal-us-east-1/dropoff/Neuropsyc/data/fullData/SRP225011/SRR10255658_2.fastq.gz,auto
SRR10255684,s3://abbvie-strand-psych-internal-us-east-1/dropoff/Neuropsyc/data/fullData/SRP225011/SRR10255684_1.fastq.gz,s3://abbvie-strand-psych-internal-us-east-1/dropoff/Neuropsyc/data/fullData/SRP225011/SRR10255684_2.fastq.gz,auto
SRR10255672,s3://abbvie-strand-psych-internal-us-east-1/dropoff/Neuropsyc/data/fullData/SRP225011/SRR10255672_1.fastq.gz,s3://abbvie-strand-psych-internal-us-east-1/dropoff/Neuropsyc/data/fullData/SRP225011/SRR10255672_2.fastq.gz,auto
SRR10255660,s3://abbvie-strand-psych-internal-us-east-1/dropoff/Neuropsyc/data/fullData/SRP225011/SRR10255660_1.fastq.gz,s3://abbvie-strand-psych-internal-us-east-1/dropoff/Neuropsyc/data/fullData/SRP225011/SRR10255660_2.fastq.gz,auto
SRR10255681,s3://abbvie-strand-psych-internal-us-east-1/dropoff/Neuropsyc/data/fullData/SRP225011/SRR10255681_1.fastq.gz,s3://abbvie-strand-psych-internal-us-east-1/dropoff/Neuropsyc/data/fullData/SRP225011/SRR10255681_2.fastq.gz,auto
SRR10255661,s3://abbvie-strand-psych-internal-us-east-1/dropoff/Neuropsyc/data/fullData/SRP225011/SRR10255661_1.fastq.gz,s3://abbvie-strand-psych-internal-us-east-1/dropoff/Neuropsyc/data/fullData/SRP225011/SRR10255661_2.fastq.gz,auto
